_id,year,month,idgeo,isoalpha3,source,indicator,area,quintile,sex,education_level,age,ethnicity,value,se,cv,sample,language,collection_en,collection_es,theme_en,theme_es,disability,migration,management,funding
18,2003,NA,country,BLZ,BLZ-LFS,rural_ci,Total,Total,Total,Total,Total,Total,0.517563388623542,0.095992589016613,0.185470207372869,19392.0,Total,Household Socio-Economic Surveys,Encuestas socioeconómicas de los hogares,Demography,Demografía,Total,Total,Total,Total
36,2004,NA,country,BLZ,BLZ-LFS,rural_ci,Total,Total,Total,Total,Total,Total,0.505007807099258,0.093644997454961,0.185432771807735,20143.0,Total,Household Socio-Economic Surveys,Encuestas socioeconómicas de los hogares,Demography,Demografía,Total,Total,Total,Total
54,2005,NA,country,BLZ,BLZ-LFS,rural_ci,Total,Total,Total,Total,Total,Total,0.507271099224431,0.092857861557579,0.183053719597962,19490.0,Total,Household Socio-Economic Surveys,Encuestas socioeconómicas de los hogares,Demography,Demografía,Total,Total,Total,Total
72,2007,NA,country,BLZ,BLZ-LFS,rural_ci,Total,Total,Total,Total,Total,Total,0.533475979655941,0.089039434762406,0.166904299645939,8940.0,Total,Household Socio-Economic Surveys,Encuestas socioeconómicas de los hogares,Demography,Demografía,Total,Total,Total,Total
84,2018,NA,country,BLZ,BLZ-LFS,rural_ci,Total,Total,Total,Total,Total,Total,0.552222631088355,0.079032422330935,0.143116956607108,8309.0,Total,Household Socio-Economic Surveys,Encuestas socioeconómicas de los hogares,Demography,Demografía,Total,Total,Total,Total
108,2003,NA,country,BOL,BOL-ECH,rural_ci,Total,Total,Total,Total,Total,Total,0.374612308294468,0.015964220191521,0.042615311451466,38500.0,Total,Household Socio-Economic Surveys,Encuestas socioeconómicas de los hogares,Demography,Demografía,Total,Total,Total,Total
132,2005,NA,country,BOL,BOL-ECH,rural_ci,Total,Total,Total,Total,Total,Total,0.357827365331187,0.015628377029743,0.043675745747612,16895.0,Total,Household Socio-Economic Surveys,Encuestas socioeconómicas de los hogares,Demography,Demografía,Total,Total,Total,Total
156,2006,NA,country,BOL,BOL-ECH,rural_ci,Total,Total,Total,Total,Total,Total,0.367493854313843,0.015538538561011,0.042282444668424,16511.0,Total,Household Socio-Economic Surveys,Encuestas socioeconómicas de los hogares,Demography,Demografía,Total,Total,Total,Total
180,2007,NA,country,BOL,BOL-ECH,rural_ci,Total,Total,Total,Total,Total,Total,0.347091526061806,0.015127696958853,0.043584172539434,16804.0,Total,Household Socio-Economic Surveys,Encuestas socioeconómicas de los hogares,Demography,Demografía,Total,Total,Total,Total
204,2008,NA,country,BOL,BOL-ECH,rural_ci,Total,Total,Total,Total,Total,Total,0.344404896183905,0.015005343138288,0.043568901907468,15030.0,Total,Household Socio-Economic Surveys,Encuestas socioeconómicas de los hogares,Demography,Demografía,Total,Total,Total,Total
228,2009,NA,country,BOL,BOL-ECH,rural_ci,Total,Total,Total,Total,Total,Total,0.338422988863687,0.01474237638014,0.043561982682205,15665.0,Total,Household Socio-Economic Surveys,Encuestas socioeconómicas de los hogares,Demography,Demografía,Total,Total,Total,Total
252,2011,NA,country,BOL,BOL-ECH,rural_ci,Total,Total,Total,Total,Total,Total,0.328505626200847,0.014662908385445,0.044635181914601,33821.0,Total,Household Socio-Economic Surveys,Encuestas socioeconómicas de los hogares,Demography,Demografía,Total,Total,Total,Total
276,2012,NA,country,BOL,BOL-ECH,rural_ci,Total,Total,Total,Total,Total,Total,0.330085183140774,0.014694312448913,0.044516728406576,31935.0,Total,Household Socio-Economic Surveys,Encuestas socioeconómicas de los hogares,Demography,Demografía,Total,Total,Total,Total
300,2013,NA,country,BOL,BOL-ECH,rural_ci,Total,Total,Total,Total,Total,Total,0.325631346484532,0.014515772458648,0.044577319153572,35693.0,Total,Household Socio-Economic Surveys,Encuestas socioeconómicas de los hogares,Demography,Demografía,Total,Total,Total,Total
324,2014,NA,country,BOL,BOL-ECH,rural_ci,Total,Total,Total,Total,Total,Total,0.321778733704529,0.014366587095323,0.044647410131568,36618.0,Total,Household Socio-Economic Surveys,Encuestas socioeconómicas de los hogares,Demography,Demografía,Total,Total,Total,Total
348,2015,NA,country,BOL,BOL-ECH,rural_ci,Total,Total,Total,Total,Total,Total,0.314526871072631,0.014066458460765,0.044722596873184,37364.0,Total,Household Socio-Economic Surveys,Encuestas socioeconómicas de los hogares,Demography,Demografía,Total,Total,Total,Total
378,2016,NA,country,BOL,BOL-ECH,rural_ci,Total,Total,Total,Total,Total,Total,0.3112852150927,0.013931201290088,0.044753816161617,38549.0,Total,Household Socio-Economic Surveys,Encuestas socioeconómicas de los hogares,Demography,Demografía,Total,Total,Total,Total
408,2017,NA,country,BOL,BOL-ECH,rural_ci,Total,Total,Total,Total,Total,Total,0.307759476589013,0.01378192748768,0.044781488584621,38201.0,Total,Household Socio-Economic Surveys,Encuestas socioeconómicas de los hogares,Demography,Demografía,Total,Total,Total,Total
438,2018,NA,country,BOL,BOL-ECH,rural_ci,Total,Total,Total,Total,Total,Total,0.304623089231121,0.013649023237644,0.044806266235741,37517.0,Total,Household Socio-Economic Surveys,Encuestas socioeconómicas de los hogares,Demography,Demografía,Total,Total,Total,Total
468,2019,NA,country,BOL,BOL-ECH,rural_ci,Total,Total,Total,Total,Total,Total,0.301461181923312,0.01351247231248,0.044823257927508,39605.0,Total,Household Socio-Economic Surveys,Encuestas socioeconómicas de los hogares,Demography,Demografía,Total,Total,Total,Total
492,2020,NA,country,BOL,BOL-ECH,rural_ci,Total,Total,Total,Total,Total,Total,0.298241607973908,0.0133467882212,0.044751596907858,37092.0,Total,Household Socio-Economic Surveys,Encuestas socioeconómicas de los hogares,Demography,Demografía,Total,Total,Total,Total
522,2021,NA,country,BOL,BOL-ECH,rural_ci,Total,Total,Total,Total,Total,Total,0.295446942029451,0.013223636695244,0.044758076033583,42090.0,Total,Household Socio-Economic Surveys,Encuestas socioeconómicas de los hogares,Demography,Demografía,Total,Total,Total,Total
549,2003,NA,country,BRA,BRA-PNAD,rural_ci,Total,Total,Total,Total,Total,Total,0.157255235955878,0.00274895578532,0.017480853776416,384341.0,Total,Household Socio-Economic Surveys,Encuestas socioeconómicas de los hogares,Demography,Demografía,Total,Total,Total,Total
576,2004,NA,country,BRA,BRA-PNAD,rural_ci,Total,Total,Total,Total,Total,Total,0.154678652154793,0.002713401214979,0.01754218295272,388680.0,Total,Household Socio-Economic Surveys,Encuestas socioeconómicas de los hogares,Demography,Demografía,Total,Total,Total,Total
603,2005,NA,country,BRA,BRA-PNAD,rural_ci,Total,Total,Total,Total,Total,Total,0.157446195418052,0.002716304511856,0.017252271511828,397355.0,Total,Household Socio-Economic Surveys,Encuestas socioeconómicas de los hogares,Demography,Demografía,Total,Total,Total,Total
630,2006,NA,country,BRA,BRA-PNAD,rural_ci,Total,Total,Total,Total,Total,Total,0.171076310619809,0.002763031692817,0.016150872571466,409709.0,Total,Household Socio-Economic Surveys,Encuestas socioeconómicas de los hogares,Demography,Demografía,Total,Total,Total,Total
657,2007,NA,country,BRA,BRA-PNAD,rural_ci,Total,Total,Total,Total,Total,Total,0.170035503839079,0.002742911815755,0.016131406405281,398996.0,Total,Household Socio-Economic Surveys,Encuestas socioeconómicas de los hogares,Demography,Demografía,Total,Total,Total,Total
684,2008,NA,country,BRA,BRA-PNAD,rural_ci,Total,Total,Total,Total,Total,Total,0.166610114876731,0.002706600845308,0.016245117214586,390898.0,Total,Household Socio-Economic Surveys,Encuestas socioeconómicas de los hogares,Demography,Demografía,Total,Total,Total,Total
711,2009,NA,country,BRA,BRA-PNAD,rural_ci,Total,Total,Total,Total,Total,Total,0.164359514090234,0.002678245622986,0.01629504466359,398694.0,Total,Household Socio-Economic Surveys,Encuestas socioeconómicas de los hogares,Demography,Demografía,Total,Total,Total,Total
738,2011,NA,country,BRA,BRA-PNAD,rural_ci,Total,Total,Total,Total,Total,Total,0.150477739044978,0.002561843068716,0.017024731265731,357906.0,Total,Household Socio-Economic Surveys,Encuestas socioeconómicas de los hogares,Demography,Demografía,Total,Total,Total,Total
765,2012,NA,country,BRA,BRA-PNAD,rural_ci,Total,Total,Total,Total,Total,Total,0.151618767251348,0.002540372688382,0.016755001603268,361781.0,Total,Household Socio-Economic Surveys,Encuestas socioeconómicas de los hogares,Demography,Demografía,Total,Total,Total,Total
792,2013,NA,country,BRA,BRA-PNAD,rural_ci,Total,Total,Total,Total,Total,Total,0.152357559505952,0.00253465355501,0.01663621787609,361602.0,Total,Household Socio-Economic Surveys,Encuestas socioeconómicas de los hogares,Demography,Demografía,Total,Total,Total,Total
819,2014,NA,country,BRA,BRA-PNAD,rural_ci,Total,Total,Total,Total,Total,Total,0.149537275146187,0.002510537630581,0.016788707886557,360368.0,Total,Household Socio-Economic Surveys,Encuestas socioeconómicas de los hogares,Demography,Demografía,Total,Total,Total,Total
846,2015,NA,country,BRA,BRA-PNAD,rural_ci,Total,Total,Total,Total,Total,Total,0.152957524916394,0.002518181093418,0.016463270406572,355935.0,Total,Household Socio-Economic Surveys,Encuestas socioeconómicas de los hogares,Demography,Demografía,Total,Total,Total,Total
873,2016,NA,country,BRA,BRA-PNADC,rural_ci,Total,Total,Total,Total,Total,Total,0.145543250227607,0.002459932120476,0.016901725889927,459718.0,Total,Household Socio-Economic Surveys,Encuestas socioeconómicas de los hogares,Demography,Demografía,Total,Total,Total,Total
900,2017,NA,country,BRA,BRA-PNADC,rural_ci,Total,Total,Total,Total,Total,Total,0.142211853577603,0.002427062197199,0.017066525301103,457992.0,Total,Household Socio-Economic Surveys,Encuestas socioeconómicas de los hogares,Demography,Demografía,Total,Total,Total,Total
927,2018,NA,country,BRA,BRA-PNADC,rural_ci,Total,Total,Total,Total,Total,Total,0.144267124838638,0.002437105568951,0.01689300713296,452654.0,Total,Household Socio-Economic Surveys,Encuestas socioeconómicas de los hogares,Demography,Demografía,Total,Total,Total,Total
954,2019,NA,country,BRA,BRA-PNADC,rural_ci,Total,Total,Total,Total,Total,Total,0.139413837540779,0.00239310510298,0.01716547758238,443790.0,Total,Household Socio-Economic Surveys,Encuestas socioeconómicas de los hogares,Demography,Demografía,Total,Total,Total,Total
981,2020,NA,country,BRA,BRA-PNADC,rural_ci,Total,Total,Total,Total,Total,Total,0.141161351762511,0.002396476784028,0.016976861967572,355436.0,Total,Household Socio-Economic Surveys,Encuestas socioeconómicas de los hogares,Demography,Demografía,Total,Total,Total,Total
1008,2021,NA,country,BRA,BRA-PNADC,rural_ci,Total,Total,Total,Total,Total,Total,0.139420670495929,0.002375341272836,0.017037224569258,335100.0,Total,Household Socio-Economic Surveys,Encuestas socioeconómicas de los hogares,Demography,Demografía,Total,Total,Total,Total
1035,2022,NA,country,BRA,BRA-PNADC,rural_ci,Total,Total,Total,Total,Total,Total,0.133364901646492,0.002323144266082,0.017419457723889,376821.0,Total,Household Socio-Economic Surveys,Encuestas socioeconómicas de los hogares,Demography,Demografía,Total,Total,Total,Total
1059,2003,NA,country,CHL,CHL-CASEN,rural_ci,Total,Total,Total,Total,Total,Total,0.13070787098416,0.008523507640482,0.06521036243881,257077.0,Total,Household Socio-Economic Surveys,Encuestas socioeconómicas de los hogares,Demography,Demografía,Total,Total,Total,Total
1083,2006,NA,country,CHL,CHL-CASEN,rural_ci,Total,Total,Total,Total,Total,Total,0.128538362181659,0.008327652976639,0.064787296456056,268873.0,Total,Household Socio-Economic Surveys,Encuestas socioeconómicas de los hogares,Demography,Demografía,Total,Total,Total,Total
1107,2009,NA,country,CHL,CHL-CASEN,rural_ci,Total,Total,Total,Total,Total,Total,0.127536948710866,0.008185511984269,0.06418149459437,246924.0,Total,Household Socio-Economic Surveys,Encuestas socioeconómicas de los hogares,Demography,Demografía,Total,Total,Total,Total
1131,2011,NA,country,CHL,CHL-CASEN,rural_ci,Total,Total,Total,Total,Total,Total,0.12442942357905,0.008022853560879,0.064477141580442,200302.0,Total,Household Socio-Economic Surveys,Encuestas socioeconómicas de los hogares,Demography,Demografía,Total,Total,Total,Total
1155,2013,NA,country,CHL,CHL-CASEN,rural_ci,Total,Total,Total,Total,Total,Total,0.127341347829694,0.008020871584217,0.062987173615788,218491.0,Total,Household Socio-Economic Surveys,Encuestas socioeconómicas de los hogares,Demography,Demografía,Total,Total,Total,Total
1179,2015,NA,country,CHL,CHL-CASEN,rural_ci,Total,Total,Total,Total,Total,Total,0.127115588344797,0.00795075227396,0.062547421425558,266968.0,Total,Household Socio-Economic Surveys,Encuestas socioeconómicas de los hogares,Demography,Demografía,Total,Total,Total,Total
1209,2017,NA,country,CHL,CHL-CASEN,rural_ci,Total,Total,Total,Total,Total,Total,0.126752149413722,0.00788398884617,0.062200040651278,216439.0,Total,Household Socio-Economic Surveys,Encuestas socioeconómicas de los hogares,Demography,Demografía,Total,Total,Total,Total
1233,2020,NA,country,CHL,CHL-CASEN,rural_ci,Total,Total,Total,Total,Total,Total,0.114715801589897,0.007208190638754,0.062835202638633,185437.0,Total,Household Socio-Economic Surveys,Encuestas socioeconómicas de los hogares,Demography,Demografía,Total,Total,Total,Total
1263,2022,NA,country,CHL,CHL-CASEN,rural_ci,Total,Total,Total,Total,Total,Total,0.113377001457801,0.007111142427939,0.062721207445108,202231.0,Total,Household Socio-Economic Surveys,Encuestas socioeconómicas de los hogares,Demography,Demografía,Total,Total,Total,Total
1281,2003,NA,country,COL,COL-ECH,rural_ci,Total,Total,Total,Total,Total,Total,0.256511210868951,0.006841780673699,0.026672443089416,136730.0,Total,Household Socio-Economic Surveys,Encuestas socioeconómicas de los hogares,Demography,Demografía,Total,Total,Total,Total
1299,2004,NA,country,COL,COL-ECH,rural_ci,Total,Total,Total,Total,Total,Total,0.253214261230912,0.006771017084518,0.026740267517332,152589.0,Total,Household Socio-Economic Surveys,Encuestas socioeconómicas de los hogares,Demography,Demografía,Total,Total,Total,Total
1317,2005,NA,country,COL,COL-ECH,rural_ci,Total,Total,Total,Total,Total,Total,0.250185310071174,0.006703212007994,0.026792987989932,148430.0,Total,Household Socio-Economic Surveys,Encuestas socioeconómicas de los hogares,Demography,Demografía,Total,Total,Total,Total
1344,2006,NA,country,COL,COL-GEIH,rural_ci,Total,Total,Total,Total,Total,Total,0.261035267141255,0.006518597522974,0.024972095128611,120598.0,Total,Household Socio-Economic Surveys,Encuestas socioeconómicas de los hogares,Demography,Demografía,Total,Total,Total,Total
1371,2007,NA,country,COL,COL-GEIH,rural_ci,Total,Total,Total,Total,Total,Total,0.25734343073285,0.006441141797701,0.025029361656361,214740.0,Total,Household Socio-Economic Surveys,Encuestas socioeconómicas de los hogares,Demography,Demografía,Total,Total,Total,Total
1389,2008,NA,country,COL,COL-GEIH,rural_ci,Total,Total,Total,Total,Total,Total,0.242637734693644,0.00651773208668,0.02686198869648,209502.0,Total,Household Socio-Economic Surveys,Encuestas socioeconómicas de los hogares,Demography,Demografía,Total,Total,Total,Total
1407,2009,NA,country,COL,COL-GEIH,rural_ci,Total,Total,Total,Total,Total,Total,0.240490820926065,0.006460026275045,0.026861841338348,207952.0,Total,Household Socio-Economic Surveys,Encuestas socioeconómicas de los hogares,Demography,Demografía,Total,Total,Total,Total
1425,2010,NA,country,COL,COL-GEIH,rural_ci,Total,Total,Total,Total,Total,Total,0.238361547128114,0.006402966356231,0.026862413142457,205545.0,Total,Household Socio-Economic Surveys,Encuestas socioeconómicas de los hogares,Demography,Demografía,Total,Total,Total,Total
1443,2011,NA,country,COL,COL-GEIH,rural_ci,Total,Total,Total,Total,Total,Total,0.236441353812835,0.006348098818809,0.026848513242036,207067.0,Total,Household Socio-Economic Surveys,Encuestas socioeconómicas de los hogares,Demography,Demografía,Total,Total,Total,Total
1461,2012,NA,country,COL,COL-GEIH,rural_ci,Total,Total,Total,Total,Total,Total,0.234844614228917,0.006296900954186,0.026813052429845,202313.0,Total,Household Socio-Economic Surveys,Encuestas socioeconómicas de los hogares,Demography,Demografía,Total,Total,Total,Total
1479,2013,NA,country,COL,COL-GEIH,rural_ci,Total,Total,Total,Total,Total,Total,0.233147253715967,0.006245275700969,0.026786829359688,198019.0,Total,Household Socio-Economic Surveys,Encuestas socioeconómicas de los hogares,Demography,Demografía,Total,Total,Total,Total
1506,2014,NA,country,COL,COL-GEIH,rural_ci,Total,Total,Total,Total,Total,Total,0.231550770618971,0.006195165664157,0.026755107087729,197071.0,Total,Household Socio-Economic Surveys,Encuestas socioeconómicas de los hogares,Demography,Demografía,Total,Total,Total,Total
1533,2015,NA,country,COL,COL-GEIH,rural_ci,Total,Total,Total,Total,Total,Total,0.230052400675135,0.006146549558828,0.026718041371399,197610.0,Total,Household Socio-Economic Surveys,Encuestas socioeconómicas de los hogares,Demography,Demografía,Total,Total,Total,Total
1560,2016,NA,country,COL,COL-GEIH,rural_ci,Total,Total,Total,Total,Total,Total,0.228659023499134,0.006099387543717,0.026674598056001,195900.0,Total,Household Socio-Economic Surveys,Encuestas socioeconómicas de los hogares,Demography,Demografía,Total,Total,Total,Total
1587,2017,NA,country,COL,COL-GEIH,rural_ci,Total,Total,Total,Total,Total,Total,0.227345354201536,0.006053645557665,0.026627531400086,193634.0,Total,Household Socio-Economic Surveys,Encuestas socioeconómicas de los hogares,Demography,Demografía,Total,Total,Total,Total
1614,2018,NA,country,COL,COL-GEIH,rural_ci,Total,Total,Total,Total,Total,Total,0.226112927642733,0.006009362002602,0.026576817456882,191041.0,Total,Household Socio-Economic Surveys,Encuestas socioeconómicas de los hogares,Demography,Demografía,Total,Total,Total,Total
1641,2019,NA,country,COL,COL-GEIH,rural_ci,Total,Total,Total,Total,Total,Total,0.224948894397676,0.005966477249261,0.026523701151043,189650.0,Total,Household Socio-Economic Surveys,Encuestas socioeconómicas de los hogares,Demography,Demografía,Total,Total,Total,Total
1668,2020,NA,country,COL,COL-GEIH,rural_ci,Total,Total,Total,Total,Total,Total,0.22358975218342,0.005914828380577,0.026453933254173,184790.0,Total,Household Socio-Economic Surveys,Encuestas socioeconómicas de los hogares,Demography,Demografía,Total,Total,Total,Total
1695,2021,NA,country,COL,COL-GEIH,rural_ci,Total,Total,Total,Total,Total,Total,0.222814946733546,0.00588451211476,0.026409862538518,176532.0,Total,Household Socio-Economic Surveys,Encuestas socioeconómicas de los hogares,Demography,Demografía,Total,Total,Total,Total
1728,2022,NA,country,COL,COL-GEIH,rural_ci,Total,Total,Total,Total,Total,Total,0.228833884981008,0.00590791854678,0.025817498782013,227970.0,Total,Household Socio-Economic Surveys,Encuestas socioeconómicas de los hogares,Demography,Demografía,Total,Total,Total,Total
1746,2003,NA,country,CRI,CRI-EHPM,rural_ci,Total,Total,Total,Total,Total,Total,0.409959418143291,0.024322873173674,0.059329953398395,43645.0,Total,Household Socio-Economic Surveys,Encuestas socioeconómicas de los hogares,Demography,Demografía,Total,Total,Total,Total
1764,2004,NA,country,CRI,CRI-EHPM,rural_ci,Total,Total,Total,Total,Total,Total,0.410050361890084,0.024060387342546,0.058676664084973,43779.0,Total,Household Socio-Economic Surveys,Encuestas socioeconómicas de los hogares,Demography,Demografía,Total,Total,Total,Total
1782,2005,NA,country,CRI,CRI-EHPM,rural_ci,Total,Total,Total,Total,Total,Total,0.410104812613611,0.023813049636323,0.058065764906686,43682.0,Total,Household Socio-Economic Surveys,Encuestas socioeconómicas de los hogares,Demography,Demografía,Total,Total,Total,Total
1800,2006,NA,country,CRI,CRI-EHPM,rural_ci,Total,Total,Total,Total,Total,Total,0.410222876663215,0.023573144434099,0.057464236577553,45139.0,Total,Household Socio-Economic Surveys,Encuestas socioeconómicas de los hogares,Demography,Demografía,Total,Total,Total,Total
1818,2007,NA,country,CRI,CRI-EHPM,rural_ci,Total,Total,Total,Total,Total,Total,0.410413675136729,0.023336814199472,0.056861687641616,46278.0,Total,Household Socio-Economic Surveys,Encuestas socioeconómicas de los hogares,Demography,Demografía,Total,Total,Total,Total
1836,2008,NA,country,CRI,CRI-EHPM,rural_ci,Total,Total,Total,Total,Total,Total,0.410639416813253,0.02310575908203,0.056267757394896,46101.0,Total,Household Socio-Economic Surveys,Encuestas socioeconómicas de los hogares,Demography,Demografía,Total,Total,Total,Total
1854,2009,NA,country,CRI,CRI-EHPM,rural_ci,Total,Total,Total,Total,Total,Total,0.410824887966234,0.022887951679488,0.05571218382799,48071.0,Total,Household Socio-Economic Surveys,Encuestas socioeconómicas de los hogares,Demography,Demografía,Total,Total,Total,Total
1878,2010,NA,country,CRI,CRI-ENAHO,rural_ci,Total,Total,Total,Total,Total,Total,0.383712761286666,0.022767373247907,0.059334417681505,41184.0,Total,Household Socio-Economic Surveys,Encuestas socioeconómicas de los hogares,Demography,Demografía,Total,Total,Total,Total
1902,2011,NA,country,CRI,CRI-ENAHO,rural_ci,Total,Total,Total,Total,Total,Total,0.379607922681947,0.022591159634735,0.059511823344275,40860.0,Total,Household Socio-Economic Surveys,Encuestas socioeconómicas de los hogares,Demography,Demografía,Total,Total,Total,Total
1926,2012,NA,country,CRI,CRI-ENAHO,rural_ci,Total,Total,Total,Total,Total,Total,0.383174604398986,0.022503861446234,0.058730044183204,39390.0,Total,Household Socio-Economic Surveys,Encuestas socioeconómicas de los hogares,Demography,Demografía,Total,Total,Total,Total
1950,2013,NA,country,CRI,CRI-ENAHO,rural_ci,Total,Total,Total,Total,Total,Total,0.382013747856203,0.022369929605114,0.058557917694454,38779.0,Total,Household Socio-Economic Surveys,Encuestas socioeconómicas de los hogares,Demography,Demografía,Total,Total,Total,Total
1974,2014,NA,country,CRI,CRI-ENAHO,rural_ci,Total,Total,Total,Total,Total,Total,0.272897999999162,0.020391218070252,0.074721024229986,38399.0,Total,Household Socio-Economic Surveys,Encuestas socioeconómicas de los hogares,Demography,Demografía,Total,Total,Total,Total
1998,2015,NA,country,CRI,CRI-ENAHO,rural_ci,Total,Total,Total,Total,Total,Total,0.273300947173128,0.020270090285192,0.074167654722218,37291.0,Total,Household Socio-Economic Surveys,Encuestas socioeconómicas de los hogares,Demography,Demografía,Total,Total,Total,Total
2022,2016,NA,country,CRI,CRI-ENAHO,rural_ci,Total,Total,Total,Total,Total,Total,0.27363990312821,0.020161453679113,0.073678778016766,37006.0,Total,Household Socio-Economic Surveys,Encuestas socioeconómicas de los hogares,Demography,Demografía,Total,Total,Total,Total
2046,2017,NA,country,CRI,CRI-ENAHO,rural_ci,Total,Total,Total,Total,Total,Total,0.273845189722441,0.020049769366232,0.073215707701692,34843.0,Total,Household Socio-Economic Surveys,Encuestas socioeconómicas de los hogares,Demography,Demografía,Total,Total,Total,Total
2070,2018,NA,country,CRI,CRI-ENAHO,rural_ci,Total,Total,Total,Total,Total,Total,0.274345465820808,0.019946623491988,0.072706226189343,35096.0,Total,Household Socio-Economic Surveys,Encuestas socioeconómicas de los hogares,Demography,Demografía,Total,Total,Total,Total
2094,2019,NA,country,CRI,CRI-ENAHO,rural_ci,Total,Total,Total,Total,Total,Total,0.274630464471424,0.019842223650236,0.072250628452402,34863.0,Total,Household Socio-Economic Surveys,Encuestas socioeconómicas de los hogares,Demography,Demografía,Total,Total,Total,Total
2118,2020,NA,country,CRI,CRI-ENAHO,rural_ci,Total,Total,Total,Total,Total,Total,0.27477670033973,0.019744933687034,0.071858107556507,25530.0,Total,Household Socio-Economic Surveys,Encuestas socioeconómicas de los hogares,Demography,Demografía,Total,Total,Total,Total
2142,2021,NA,country,CRI,CRI-ENAHO,rural_ci,Total,Total,Total,Total,Total,Total,0.275058764425778,0.019651500366994,0.071444734393464,31963.0,Total,Household Socio-Economic Surveys,Encuestas socioeconómicas de los hogares,Demography,Demografía,Total,Total,Total,Total
2166,2022,NA,country,CRI,CRI-ENAHO,rural_ci,Total,Total,Total,Total,Total,Total,0.275515586518026,0.019566977867748,0.07101949517643,31045.0,Total,Household Socio-Economic Surveys,Encuestas socioeconómicas de los hogares,Demography,Demografía,Total,Total,Total,Total
2184,2003,NA,country,DOM,DOM-ENFT,rural_ci,Total,Total,Total,Total,Total,Total,0.291839791428379,0.015402561041919,0.052777453569758,29794.0,Total,Household Socio-Economic Surveys,Encuestas socioeconómicas de los hogares,Demography,Demografía,Total,Total,Total,Total
2202,2004,NA,country,DOM,DOM-ENFT,rural_ci,Total,Total,Total,Total,Total,Total,0.355295636884784,0.01606871212474,0.045226314248129,29326.0,Total,Household Socio-Economic Surveys,Encuestas socioeconómicas de los hogares,Demography,Demografía,Total,Total,Total,Total
2220,2005,NA,country,DOM,DOM-ENFT,rural_ci,Total,Total,Total,Total,Total,Total,0.353533841363561,0.015967256410664,0.045164718458293,30067.0,Total,Household Socio-Economic Surveys,Encuestas socioeconómicas de los hogares,Demography,Demografía,Total,Total,Total,Total
2238,2006,NA,country,DOM,DOM-ENFT,rural_ci,Total,Total,Total,Total,Total,Total,0.353383729023151,0.015779743450252,0.044653282407405,28692.0,Total,Household Socio-Economic Surveys,Encuestas socioeconómicas de los hogares,Demography,Demografía,Total,Total,Total,Total
2256,2007,NA,country,DOM,DOM-ENFT,rural_ci,Total,Total,Total,Total,Total,Total,0.353665342258549,0.015589391305946,0.044079499581132,28675.0,Total,Household Socio-Economic Surveys,Encuestas socioeconómicas de los hogares,Demography,Demografía,Total,Total,Total,Total
2274,2008,NA,country,DOM,DOM-ENFT,rural_ci,Total,Total,Total,Total,Total,Total,0.326704456786061,0.015178478592276,0.046459355778593,30702.0,Total,Household Socio-Economic Surveys,Encuestas socioeconómicas de los hogares,Demography,Demografía,Total,Total,Total,Total
2292,2009,NA,country,DOM,DOM-ENFT,rural_ci,Total,Total,Total,Total,Total,Total,0.326589537795552,0.015067351919792,0.046135439676038,30448.0,Total,Household Socio-Economic Surveys,Encuestas socioeconómicas de los hogares,Demography,Demografía,Total,Total,Total,Total
2310,2010,NA,country,DOM,DOM-ENFT,rural_ci,Total,Total,Total,Total,Total,Total,0.326629397549222,0.014950443374657,0.04577188546663,29946.0,Total,Household Socio-Economic Surveys,Encuestas socioeconómicas de los hogares,Demography,Demografía,Total,Total,Total,Total
2328,2011,NA,country,DOM,DOM-ENFT,rural_ci,Total,Total,Total,Total,Total,Total,0.32664061659551,0.01485668166164,0.045483264807933,29575.0,Total,Household Socio-Economic Surveys,Encuestas socioeconómicas de los hogares,Demography,Demografía,Total,Total,Total,Total
2346,2012,NA,country,DOM,DOM-ENFT,rural_ci,Total,Total,Total,Total,Total,Total,0.327177213232786,0.014761143550018,0.045116661408553,29198.0,Total,Household Socio-Economic Surveys,Encuestas socioeconómicas de los hogares,Demography,Demografía,Total,Total,Total,Total
2364,2013,NA,country,DOM,DOM-ENFT,rural_ci,Total,Total,Total,Total,Total,Total,0.326765754902335,0.01466779477057,0.044887796687734,29312.0,Total,Household Socio-Economic Surveys,Encuestas socioeconómicas de los hogares,Demography,Demografía,Total,Total,Total,Total
2382,2014,NA,country,DOM,DOM-ENFT,rural_ci,Total,Total,Total,Total,Total,Total,0.326552812342469,0.014575879602418,0.044635596606443,27668.0,Total,Household Socio-Economic Surveys,Encuestas socioeconómicas de los hogares,Demography,Demografía,Total,Total,Total,Total
2400,2015,NA,country,DOM,DOM-ENFT,rural_ci,Total,Total,Total,Total,Total,Total,0.326476705269059,0.014469256762789,0.044319415533381,26802.0,Total,Household Socio-Economic Surveys,Encuestas socioeconómicas de los hogares,Demography,Demografía,Total,Total,Total,Total
2418,2016,NA,country,DOM,DOM-ENFT,rural_ci,Total,Total,Total,Total,Total,Total,0.326788955977565,0.014407059831029,0.044086740287569,26366.0,Total,Household Socio-Economic Surveys,Encuestas socioeconómicas de los hogares,Demography,Demografía,Total,Total,Total,Total
2436,2017,NA,country,DOM,DOM-ENCFT,rural_ci,Total,Total,Total,Total,Total,Total,0.194548515935489,0.01239139228582,0.063693070215601,20428.0,Total,Household Socio-Economic Surveys,Encuestas socioeconómicas de los hogares,Demography,Demografía,Total,Total,Total,Total
2454,2018,NA,country,DOM,DOM-ENCFT,rural_ci,Total,Total,Total,Total,Total,Total,0.187628353457499,0.01216457650878,0.06483335958888,20395.0,Total,Household Socio-Economic Surveys,Encuestas socioeconómicas de los hogares,Demography,Demografía,Total,Total,Total,Total
2472,2019,NA,country,DOM,DOM-ENCFT,rural_ci,Total,Total,Total,Total,Total,Total,0.181198761444623,0.011948634389965,0.065942141627809,20965.0,Total,Household Socio-Economic Surveys,Encuestas socioeconómicas de los hogares,Demography,Demografía,Total,Total,Total,Total
2490,2020,NA,country,DOM,DOM-ENCFT,rural_ci,Total,Total,Total,Total,Total,Total,0.175237030905042,0.011742941713813,0.067011759176497,17314.0,Total,Household Socio-Economic Surveys,Encuestas socioeconómicas de los hogares,Demography,Demografía,Total,Total,Total,Total
2508,2021,NA,country,DOM,DOM-ENCFT,rural_ci,Total,Total,Total,Total,Total,Total,0.169710123334244,0.011546896444461,0.068038937322081,19855.0,Total,Household Socio-Economic Surveys,Encuestas socioeconómicas de los hogares,Demography,Demografía,Total,Total,Total,Total
2535,2003,NA,country,ECU,ECU-ENEMDU,rural_ci,Total,Total,Total,Total,Total,Total,0.340167815155799,0.013146934648743,0.038648379014697,82317.0,Total,Household Socio-Economic Surveys,Encuestas socioeconómicas de los hogares,Demography,Demografía,Total,Total,Total,Total
2562,2004,NA,country,ECU,ECU-ENEMDU,rural_ci,Total,Total,Total,Total,Total,Total,0.333282616573109,0.012952926328162,0.03886469225832,83043.0,Total,Household Socio-Economic Surveys,Encuestas socioeconómicas de los hogares,Demography,Demografía,Total,Total,Total,Total
2589,2005,NA,country,ECU,ECU-ENEMDU,rural_ci,Total,Total,Total,Total,Total,Total,0.336668571109918,0.012962963466157,0.038503634073776,77050.0,Total,Household Socio-Economic Surveys,Encuestas socioeconómicas de los hogares,Demography,Demografía,Total,Total,Total,Total
2616,2006,NA,country,ECU,ECU-ENEMDU,rural_ci,Total,Total,Total,Total,Total,Total,0.336983410476322,0.01287233337388,0.038198715348288,77964.0,Total,Household Socio-Economic Surveys,Encuestas socioeconómicas de los hogares,Demography,Demografía,Total,Total,Total,Total
2643,2007,NA,country,ECU,ECU-ENEMDU,rural_ci,Total,Total,Total,Total,Total,Total,0.337376893629884,0.012782369557385,0.037887507410059,76922.0,Total,Household Socio-Economic Surveys,Encuestas socioeconómicas de los hogares,Demography,Demografía,Total,Total,Total,Total
2670,2008,NA,country,ECU,ECU-ENEMDU,rural_ci,Total,Total,Total,Total,Total,Total,0.336944690718332,0.012687607587574,0.037654867214334,78742.0,Total,Household Socio-Economic Surveys,Encuestas socioeconómicas de los hogares,Demography,Demografía,Total,Total,Total,Total
2697,2009,NA,country,ECU,ECU-ENEMDU,rural_ci,Total,Total,Total,Total,Total,Total,0.335512769059885,0.012582883396397,0.037503441170524,78878.0,Total,Household Socio-Economic Surveys,Encuestas socioeconómicas de los hogares,Demography,Demografía,Total,Total,Total,Total
2724,2010,NA,country,ECU,ECU-ENEMDU,rural_ci,Total,Total,Total,Total,Total,Total,0.336445808039408,0.012503639422229,0.03716390314117,82774.0,Total,Household Socio-Economic Surveys,Encuestas socioeconómicas de los hogares,Demography,Demografía,Total,Total,Total,Total
2751,2011,NA,country,ECU,ECU-ENEMDU,rural_ci,Total,Total,Total,Total,Total,Total,0.336203028740931,0.012415442949559,0.036928408991597,69653.0,Total,Household Socio-Economic Surveys,Encuestas socioeconómicas de los hogares,Demography,Demografía,Total,Total,Total,Total
2778,2012,NA,country,ECU,ECU-ENEMDU,rural_ci,Total,Total,Total,Total,Total,Total,0.336224697318651,0.01232890511472,0.03666864811848,73686.0,Total,Household Socio-Economic Surveys,Encuestas socioeconómicas de los hogares,Demography,Demografía,Total,Total,Total,Total
2805,2013,NA,country,ECU,ECU-ENEMDU,rural_ci,Total,Total,Total,Total,Total,Total,0.324527090969544,0.011751770186232,0.036211985110774,81386.0,Total,Household Socio-Economic Surveys,Encuestas socioeconómicas de los hogares,Demography,Demografía,Total,Total,Total,Total
2832,2014,NA,country,ECU,ECU-ENEMDU,rural_ci,Total,Total,Total,Total,Total,Total,0.321746936257221,0.011624787129551,0.03613021856487,116505.0,Total,Household Socio-Economic Surveys,Encuestas socioeconómicas de los hogares,Demography,Demografía,Total,Total,Total,Total
2859,2015,NA,country,ECU,ECU-ENEMDU,rural_ci,Total,Total,Total,Total,Total,Total,0.32005475847204,0.011517738380216,0.035986774373243,112821.0,Total,Household Socio-Economic Surveys,Encuestas socioeconómicas de los hogares,Demography,Demografía,Total,Total,Total,Total
2886,2016,NA,country,ECU,ECU-ENEMDU,rural_ci,Total,Total,Total,Total,Total,Total,0.31999380786736,0.01140971911326,0.03565606218852,114086.0,Total,Household Socio-Economic Surveys,Encuestas socioeconómicas de los hogares,Demography,Demografía,Total,Total,Total,Total
2913,2017,NA,country,ECU,ECU-ENEMDU,rural_ci,Total,Total,Total,Total,Total,Total,0.317517290895306,0.011302953166718,0.035597913848555,110283.0,Total,Household Socio-Economic Surveys,Encuestas socioeconómicas de los hogares,Demography,Demografía,Total,Total,Total,Total
2940,2018,NA,country,ECU,ECU-ENEMDU,rural_ci,Total,Total,Total,Total,Total,Total,0.317898896748347,0.011220382237192,0.035295442519494,59350.0,Total,Household Socio-Economic Surveys,Encuestas socioeconómicas de los hogares,Demography,Demografía,Total,Total,Total,Total
2967,2019,NA,country,ECU,ECU-ENEMDU,rural_ci,Total,Total,Total,Total,Total,Total,0.316602940706294,0.011133701471388,0.035166134106494,59208.0,Total,Household Socio-Economic Surveys,Encuestas socioeconómicas de los hogares,Demography,Demografía,Total,Total,Total,Total
2994,2020,NA,country,ECU,ECU-ENEMDU,rural_ci,Total,Total,Total,Total,Total,Total,0.318263100288459,0.011073108970672,0.034792311646045,30646.0,Total,Household Socio-Economic Surveys,Encuestas socioeconómicas de los hogares,Demography,Demografía,Total,Total,Total,Total
3021,2021,NA,country,ECU,ECU-ENEMDU,rural_ci,Total,Total,Total,Total,Total,Total,0.318264963463401,0.010998094636006,0.034556410219722,30026.0,Total,Household Socio-Economic Surveys,Encuestas socioeconómicas de los hogares,Demography,Demografía,Total,Total,Total,Total
3048,2022,NA,country,ECU,ECU-ENEMDU,rural_ci,Total,Total,Total,Total,Total,Total,0.318264822432297,0.010923545814848,0.034322190342516,28993.0,Total,Household Socio-Economic Surveys,Encuestas socioeconómicas de los hogares,Demography,Demografía,Total,Total,Total,Total
3072,2003,NA,country,GTM,GTM-ENEI,rural_ci,Total,Total,Total,Total,Total,Total,0.611347164261191,0.016013391324756,0.026193613483279,10607.0,Total,Household Socio-Economic Surveys,Encuestas socioeconómicas de los hogares,Demography,Demografía,Total,Total,Total,Total
3096,2004,NA,country,GTM,GTM-ENEI,rural_ci,Total,Total,Total,Total,Total,Total,0.544711334823631,0.014087697040796,0.025862683847689,64639.0,Total,Household Socio-Economic Surveys,Encuestas socioeconómicas de los hogares,Demography,Demografía,Total,Total,Total,Total
3114,2006,NA,country,GTM,GTM-ENCOVI,rural_ci,Total,Total,Total,Total,Total,Total,0.518735733285967,0.013864257321763,0.026727014223484,68739.0,Total,Household Socio-Economic Surveys,Encuestas socioeconómicas de los hogares,Demography,Demografía,Total,Total,Total,Total
3138,2010,NA,country,GTM,GTM-ENEI,rural_ci,Total,Total,Total,Total,Total,Total,0.513817438565163,0.01314009326402,0.025573466912128,17919.0,Total,Household Socio-Economic Surveys,Encuestas socioeconómicas de los hogares,Demography,Demografía,Total,Total,Total,Total
3162,2011,NA,country,GTM,GTM-ENEI,rural_ci,Total,Total,Total,Total,Total,Total,0.525748032292868,0.013064154160503,0.024848698155898,17861.0,Total,Household Socio-Economic Surveys,Encuestas socioeconómicas de los hogares,Demography,Demografía,Total,Total,Total,Total
3186,2012,NA,country,GTM,GTM-ENEI,rural_ci,Total,Total,Total,Total,Total,Total,0.509308567708548,0.012835655200572,0.025202119136383,17686.0,Total,Household Socio-Economic Surveys,Encuestas socioeconómicas de los hogares,Demography,Demografía,Total,Total,Total,Total
3210,2013,NA,country,GTM,GTM-ENEI,rural_ci,Total,Total,Total,Total,Total,Total,0.506278560731155,0.012627247332669,0.024941303685531,17981.0,Total,Household Socio-Economic Surveys,Encuestas socioeconómicas de los hogares,Demography,Demografía,Total,Total,Total,Total
3234,2014,NA,country,GTM,GTM-ENEI,rural_ci,Total,Total,Total,Total,Total,Total,0.49973304280762,0.012469114231362,0.024951550454434,17307.0,Total,Household Socio-Economic Surveys,Encuestas socioeconómicas de los hogares,Demography,Demografía,Total,Total,Total,Total
3258,2015,NA,country,GTM,GTM-ENEI,rural_ci,Total,Total,Total,Total,Total,Total,0.502141050721914,0.012380796964573,0.024656014374395,23732.0,Total,Household Socio-Economic Surveys,Encuestas socioeconómicas de los hogares,Demography,Demografía,Total,Total,Total,Total
3282,2016,NA,country,GTM,GTM-ENEI,rural_ci,Total,Total,Total,Total,Total,Total,0.501935976987119,0.012242953051353,0.024391463478752,23653.0,Total,Household Socio-Economic Surveys,Encuestas socioeconómicas de los hogares,Demography,Demografía,Total,Total,Total,Total
3306,2017,NA,country,GTM,GTM-ENEI,rural_ci,Total,Total,Total,Total,Total,Total,0.492307625510653,0.012192491353437,0.024766001421958,23344.0,Total,Household Socio-Economic Surveys,Encuestas socioeconómicas de los hogares,Demography,Demografía,Total,Total,Total,Total
3330,2018,NA,country,GTM,GTM-ENEI,rural_ci,Total,Total,Total,Total,Total,Total,0.555636207524406,0.011984525738452,0.021569015078855,22310.0,Total,Household Socio-Economic Surveys,Encuestas socioeconómicas de los hogares,Demography,Demografía,Total,Total,Total,Total
3354,2019,NA,country,GTM,GTM-ENEI,rural_ci,Total,Total,Total,Total,Total,Total,0.53450006363507,0.011905711920173,0.022274481763769,22097.0,Total,Household Socio-Economic Surveys,Encuestas socioeconómicas de los hogares,Demography,Demografía,Total,Total,Total,Total
3378,2021,NA,country,GTM,GTM-ENEI,rural_ci,Total,Total,Total,Total,Total,Total,0.604015347359807,0.011789868376668,0.019519153657605,24319.0,Total,Household Socio-Economic Surveys,Encuestas socioeconómicas de los hogares,Demography,Demografía,Total,Total,Total,Total
3405,2022,NA,country,GTM,GTM-ENEI,rural_ci,Total,Total,Total,Total,Total,Total,0.588358415966837,0.011779745465612,0.020021376674376,20173.0,Total,Household Socio-Economic Surveys,Encuestas socioeconómicas de los hogares,Demography,Demografía,Total,Total,Total,Total
3423,2017,NA,country,GUY,GUY-LFS,rural_ci,Total,Total,Total,Total,Total,Total,0.742915585161745,0.050179936034732,0.067544600001636,13853.0,Total,Household Socio-Economic Surveys,Encuestas socioeconómicas de los hogares,Demography,Demografía,Total,Total,Total,Total
3441,2018,NA,country,GUY,GUY-LFS,rural_ci,Total,Total,Total,Total,Total,Total,0.731959806919486,0.05144314796222,0.070281383589521,13508.0,Total,Household Socio-Economic Surveys,Encuestas socioeconómicas de los hogares,Demography,Demografía,Total,Total,Total,Total
3459,2019,NA,country,GUY,GUY-LFS,rural_ci,Total,Total,Total,Total,Total,Total,0.72454428306026,0.051756271997369,0.071432862293476,12877.0,Total,Household Socio-Economic Surveys,Encuestas socioeconómicas de los hogares,Demography,Demografía,Total,Total,Total,Total
3477,2021,NA,country,GUY,GUY-LFS,rural_ci,Total,Total,Total,Total,Total,Total,0.724139562437732,0.050936597800003,0.070340857539299,12588.0,Total,Household Socio-Economic Surveys,Encuestas socioeconómicas de los hogares,Demography,Demografía,Total,Total,Total,Total
3495,2003,NA,country,HND,HND-EPHPM,rural_ci,Total,Total,Total,Total,Total,Total,0.544685647719734,0.019096080716763,0.035058901949605,41003.0,Total,Household Socio-Economic Surveys,Encuestas socioeconómicas de los hogares,Demography,Demografía,Total,Total,Total,Total
3513,2004,NA,country,HND,HND-EPHPM,rural_ci,Total,Total,Total,Total,Total,Total,0.545259673133819,0.018820625968298,0.034516812622743,36265.0,Total,Household Socio-Economic Surveys,Encuestas socioeconómicas de los hogares,Demography,Demografía,Total,Total,Total,Total
3531,2005,NA,country,HND,HND-EPHPM,rural_ci,Total,Total,Total,Total,Total,Total,0.545249606905949,0.018488121585714,0.033907629371118,34804.0,Total,Household Socio-Economic Surveys,Encuestas socioeconómicas de los hogares,Demography,Demografía,Total,Total,Total,Total
3549,2006,NA,country,HND,HND-EPHPM,rural_ci,Total,Total,Total,Total,Total,Total,0.545276698949894,0.018284630008877,0.033532755102299,97615.0,Total,Household Socio-Economic Surveys,Encuestas socioeconómicas de los hogares,Demography,Demografía,Total,Total,Total,Total
3567,2007,NA,country,HND,HND-EPHPM,rural_ci,Total,Total,Total,Total,Total,Total,0.544871166293349,0.018081392384024,0.033184711364024,100028.0,Total,Household Socio-Economic Surveys,Encuestas socioeconómicas de los hogares,Demography,Demografía,Total,Total,Total,Total
3585,2008,NA,country,HND,HND-EPHPM,rural_ci,Total,Total,Total,Total,Total,Total,0.544479640318403,0.01789136451738,0.032859565707393,100366.0,Total,Household Socio-Economic Surveys,Encuestas socioeconómicas de los hogares,Demography,Demografía,Total,Total,Total,Total
3603,2009,NA,country,HND,HND-EPHPM,rural_ci,Total,Total,Total,Total,Total,Total,0.544524757037015,0.017703987702571,0.032512732385035,98028.0,Total,Household Socio-Economic Surveys,Encuestas socioeconómicas de los hogares,Demography,Demografía,Total,Total,Total,Total
3621,2010,NA,country,HND,HND-EPHPM,rural_ci,Total,Total,Total,Total,Total,Total,0.544693363297907,0.017561246304609,0.0322406100164,32419.0,Total,Household Socio-Economic Surveys,Encuestas socioeconómicas de los hogares,Demography,Demografía,Total,Total,Total,Total
3639,2011,NA,country,HND,HND-EPHPM,rural_ci,Total,Total,Total,Total,Total,Total,0.544627155381834,0.017371214863774,0.031895609119225,32430.0,Total,Household Socio-Economic Surveys,Encuestas socioeconómicas de los hogares,Demography,Demografía,Total,Total,Total,Total
3657,2012,NA,country,HND,HND-EPHPM,rural_ci,Total,Total,Total,Total,Total,Total,0.540743477481405,0.017293995867886,0.031981885289556,32830.0,Total,Household Socio-Economic Surveys,Encuestas socioeconómicas de los hogares,Demography,Demografía,Total,Total,Total,Total
3675,2013,NA,country,HND,HND-EPHPM,rural_ci,Total,Total,Total,Total,Total,Total,0.532978207236642,0.017076699805951,0.032040146433922,32686.0,Total,Household Socio-Economic Surveys,Encuestas socioeconómicas de los hogares,Demography,Demografía,Total,Total,Total,Total
3693,2014,NA,country,HND,HND-EPHPM,rural_ci,Total,Total,Total,Total,Total,Total,0.468929132382349,0.017312935290184,0.036920152949823,24023.0,Total,Household Socio-Economic Surveys,Encuestas socioeconómicas de los hogares,Demography,Demografía,Total,Total,Total,Total
3711,2015,NA,country,HND,HND-EPHPM,rural_ci,Total,Total,Total,Total,Total,Total,0.461181580200097,0.017027970659104,0.036922486478571,26539.0,Total,Household Socio-Economic Surveys,Encuestas socioeconómicas de los hogares,Demography,Demografía,Total,Total,Total,Total
3729,2016,NA,country,HND,HND-EPHPM,rural_ci,Total,Total,Total,Total,Total,Total,0.458859625611761,0.01687990992103,0.036786653213443,27297.0,Total,Household Socio-Economic Surveys,Encuestas socioeconómicas de los hogares,Demography,Demografía,Total,Total,Total,Total
3747,2017,NA,country,HND,HND-EPHPM,rural_ci,Total,Total,Total,Total,Total,Total,0.456592017011933,0.016734424933891,0.03665071729332,23605.0,Total,Household Socio-Economic Surveys,Encuestas socioeconómicas de los hogares,Demography,Demografía,Total,Total,Total,Total
3765,2018,NA,country,HND,HND-EPHPM,rural_ci,Total,Total,Total,Total,Total,Total,0.454107889440548,0.016574379783593,0.036498770818565,25943.0,Total,Household Socio-Economic Surveys,Encuestas socioeconómicas de los hogares,Demography,Demografía,Total,Total,Total,Total
3783,2019,NA,country,HND,HND-EPHPM,rural_ci,Total,Total,Total,Total,Total,Total,0.449968643423031,0.016598713820618,0.036888601157509,88632.0,Total,Household Socio-Economic Surveys,Encuestas socioeconómicas de los hogares,Demography,Demografía,Total,Total,Total,Total
3801,2012,NA,country,HTI,HTI-ECVMAS,rural_ci,Total,Total,Total,Total,Total,Total,0.520645169706185,0.015072611949924,0.028949873785308,23996.0,Total,Household Socio-Economic Surveys,Encuestas socioeconómicas de los hogares,Demography,Demografía,Total,Total,Total,Total
3819,2003,NA,country,JAM,JAM-LFS,rural_ci,Total,Total,Total,Total,Total,Total,0.509445117351901,0.030846796914223,0.060549794008362,22715.0,Total,Household Socio-Economic Surveys,Encuestas socioeconómicas de los hogares,Demography,Demografía,Total,Total,Total,Total
3837,2004,NA,country,JAM,JAM-LFS,rural_ci,Total,Total,Total,Total,Total,Total,0.436820714014031,0.03011271901679,0.068936105937097,21489.0,Total,Household Socio-Economic Surveys,Encuestas socioeconómicas de los hogares,Demography,Demografía,Total,Total,Total,Total
3855,2005,NA,country,JAM,JAM-LFS,rural_ci,Total,Total,Total,Total,Total,Total,0.434291751025688,0.029963206553067,0.068993266582433,22040.0,Total,Household Socio-Economic Surveys,Encuestas socioeconómicas de los hogares,Demography,Demografía,Total,Total,Total,Total
3873,2006,NA,country,JAM,JAM-LFS,rural_ci,Total,Total,Total,Total,Total,Total,0.435108688886576,0.029844008536772,0.068589778368118,21544.0,Total,Household Socio-Economic Surveys,Encuestas socioeconómicas de los hogares,Demography,Demografía,Total,Total,Total,Total
3891,2007,NA,country,JAM,JAM-LFS,rural_ci,Total,Total,Total,Total,Total,Total,0.473483376238592,0.029933851476488,0.063220490895131,20961.0,Total,Household Socio-Economic Surveys,Encuestas socioeconómicas de los hogares,Demography,Demografía,Total,Total,Total,Total
3909,2008,NA,country,JAM,JAM-LFS,rural_ci,Total,Total,Total,Total,Total,Total,0.478778913605767,0.030488220091488,0.063679120414632,26559.0,Total,Household Socio-Economic Surveys,Encuestas socioeconómicas de los hogares,Demography,Demografía,Total,Total,Total,Total
3927,2009,NA,country,JAM,JAM-LFS,rural_ci,Total,Total,Total,Total,Total,Total,0.4736010257549,0.030420577664545,0.06423249953071,21917.0,Total,Household Socio-Economic Surveys,Encuestas socioeconómicas de los hogares,Demography,Demografía,Total,Total,Total,Total
3945,2010,NA,country,JAM,JAM-LFS,rural_ci,Total,Total,Total,Total,Total,Total,0.47360061069222,0.030385946193384,0.064159432034878,21026.0,Total,Household Socio-Economic Surveys,Encuestas socioeconómicas de los hogares,Demography,Demografía,Total,Total,Total,Total
3963,2012,NA,country,JAM,JAM-LFS,rural_ci,Total,Total,Total,Total,Total,Total,0.471173701648382,0.030321182515305,0.064352450931001,19734.0,Total,Household Socio-Economic Surveys,Encuestas socioeconómicas de los hogares,Demography,Demografía,Total,Total,Total,Total
3981,2013,NA,country,JAM,JAM-LFS,rural_ci,Total,Total,Total,Total,Total,Total,0.469088824758046,0.030296225761627,0.064585264373445,20957.0,Total,Household Socio-Economic Surveys,Encuestas socioeconómicas de los hogares,Demography,Demografía,Total,Total,Total,Total
3999,2014,NA,country,JAM,JAM-LFS,rural_ci,Total,Total,Total,Total,Total,Total,0.472336131947725,0.030272631190225,0.064091288264129,20444.0,Total,Household Socio-Economic Surveys,Encuestas socioeconómicas de los hogares,Demography,Demografía,Total,Total,Total,Total
4017,2016,NA,country,JAM,JAM-LFS,rural_ci,Total,Total,Total,Total,Total,Total,0.468568692254109,0.030207573051123,0.064467757984012,19782.0,Total,Household Socio-Economic Surveys,Encuestas socioeconómicas de los hogares,Demography,Demografía,Total,Total,Total,Total
4020,2019,NA,country,JAM,JAM-LFS,rural_ci,Total,Total,Total,Total,Total,Total,0.479119406298089,0.030248534161268,0.063133602529238,23949.0,Total,Household Socio-Economic Surveys,Encuestas socioeconómicas de los hogares,Demography,Demografía,Total,Total,Total,Total
4023,2020,NA,country,JAM,JAM-LFS,rural_ci,Total,Total,Total,Total,Total,Total,0.472656411745076,0.030232273300051,0.063962473688723,23813.0,Total,Household Socio-Economic Surveys,Encuestas socioeconómicas de los hogares,Demography,Demografía,Total,Total,Total,Total
4041,2004,NA,country,MEX,MEX-ENIGH,rural_ci,Total,Total,Total,Total,Total,Total,0.374051562876106,0.004762207328553,0.012731419411635,91738.0,Total,Household Socio-Economic Surveys,Encuestas socioeconómicas de los hogares,Demography,Demografía,Total,Total,Total,Total
4059,2005,NA,country,MEX,MEX-ENIGH,rural_ci,Total,Total,Total,Total,Total,Total,0.370480512136881,0.004731484902878,0.012771211299584,94308.0,Total,Household Socio-Economic Surveys,Encuestas socioeconómicas de los hogares,Demography,Demografía,Total,Total,Total,Total
4077,2006,NA,country,MEX,MEX-ENIGH,rural_ci,Total,Total,Total,Total,Total,Total,0.366905841447036,0.004702456272652,0.012816520593148,83624.0,Total,Household Socio-Economic Surveys,Encuestas socioeconómicas de los hogares,Demography,Demografía,Total,Total,Total,Total
4095,2008,NA,country,MEX,MEX-ENIGH,rural_ci,Total,Total,Total,Total,Total,Total,0.37494278844502,0.004579287889389,0.012213297683042,118927.0,Total,Household Socio-Economic Surveys,Encuestas socioeconómicas de los hogares,Demography,Demografía,Total,Total,Total,Total
4125,2010,NA,country,MEX,MEX-ENIGH,rural_ci,Total,Total,Total,Total,Total,Total,0.375146495327838,0.004520707516761,0.0120505124613,107781.0,Total,Household Socio-Economic Surveys,Encuestas socioeconómicas de los hogares,Demography,Demografía,Total,Total,Total,Total
4155,2012,NA,country,MEX,MEX-ENIGH,rural_ci,Total,Total,Total,Total,Total,Total,0.375346017424028,0.00446796539819,0.011903590795644,33726.0,Total,Household Socio-Economic Surveys,Encuestas socioeconómicas de los hogares,Demography,Demografía,Total,Total,Total,Total
4185,2014,NA,country,MEX,MEX-ENIGH,rural_ci,Total,Total,Total,Total,Total,Total,0.231650281744802,0.003849839955485,0.016619189609819,73592.0,Total,Household Socio-Economic Surveys,Encuestas socioeconómicas de los hogares,Demography,Demografía,Total,Total,Total,Total
4215,2016,NA,country,MEX,MEX-ENIGH,rural_ci,Total,Total,Total,Total,Total,Total,0.231351278557665,0.003806010039303,0.016451216794784,257805.0,Total,Household Socio-Economic Surveys,Encuestas socioeconómicas de los hogares,Demography,Demografía,Total,Total,Total,Total
4245,2018,NA,country,MEX,MEX-ENIGH,rural_ci,Total,Total,Total,Total,Total,Total,0.244930781720254,0.003843535618681,0.015692333938943,269206.0,Total,Household Socio-Economic Surveys,Encuestas socioeconómicas de los hogares,Demography,Demografía,Total,Total,Total,Total
4275,2020,NA,country,MEX,MEX-ENIGH,rural_ci,Total,Total,Total,Total,Total,Total,0.230611759128246,0.00374014125219,0.016218345787434,315743.0,Total,Household Socio-Economic Surveys,Encuestas socioeconómicas de los hogares,Demography,Demografía,Total,Total,Total,Total
4305,2022,NA,country,MEX,MEX-ENIGH,rural_ci,Total,Total,Total,Total,Total,Total,0.246291898703927,0.003793441746595,0.01540221893841,309684.0,Total,Household Socio-Economic Surveys,Encuestas socioeconómicas de los hogares,Demography,Demografía,Total,Total,Total,Total
4323,2005,NA,country,NIC,NIC-EMNV,rural_ci,Total,Total,Total,Total,Total,Total,0.437322431772038,0.020193720140163,0.046175815995392,41046.0,Total,Household Socio-Economic Surveys,Encuestas socioeconómicas de los hogares,Demography,Demografía,Total,Total,Total,Total
4341,2009,NA,country,NIC,NIC-EMNV,rural_ci,Total,Total,Total,Total,Total,Total,0.431914045389552,0.02068196079959,0.047884436777083,30309.0,Total,Household Socio-Economic Surveys,Encuestas socioeconómicas de los hogares,Demography,Demografía,Total,Total,Total,Total
4359,2010,NA,country,NIC,NIC-ECH,rural_ci,Total,Total,Total,Total,Total,Total,0.42997335312847,0.020513746770612,0.047709344361352,31402.0,Total,Household Socio-Economic Surveys,Encuestas socioeconómicas de los hogares,Demography,Demografía,Total,Total,Total,Total
4377,2011,NA,country,NIC,NIC-ECH,rural_ci,Total,Total,Total,Total,Total,Total,0.428380146618398,0.02037619452447,0.047565683623104,31353.0,Total,Household Socio-Economic Surveys,Encuestas socioeconómicas de los hogares,Demography,Demografía,Total,Total,Total,Total
4395,2012,NA,country,NIC,NIC-ECH,rural_ci,Total,Total,Total,Total,Total,Total,0.425763889730162,0.020055187940574,0.04710401333773,30914.0,Total,Household Socio-Economic Surveys,Encuestas socioeconómicas de los hogares,Demography,Demografía,Total,Total,Total,Total
4413,2014,NA,country,NIC,NIC-EMNV,rural_ci,Total,Total,Total,Total,Total,Total,0.434341579534864,0.008541104382469,0.019664487087825,29381.0,Total,Household Socio-Economic Surveys,Encuestas socioeconómicas de los hogares,Demography,Demografía,Total,Total,Total,Total
4431,2003,NA,country,PAN,PAN-EH,rural_ci,Total,Total,Total,Total,Total,Total,0.372534061478642,0.027652699003725,0.074228646083977,53834.0,Total,Household Socio-Economic Surveys,Encuestas socioeconómicas de los hogares,Demography,Demografía,Total,Total,Total,Total
4449,2004,NA,country,PAN,PAN-EH,rural_ci,Total,Total,Total,Total,Total,Total,0.369450620204227,0.027371646394371,0.074087428461321,52957.0,Total,Household Socio-Economic Surveys,Encuestas socioeconómicas de los hogares,Demography,Demografía,Total,Total,Total,Total
4473,2005,NA,country,PAN,PAN-EH,rural_ci,Total,Total,Total,Total,Total,Total,0.3638877938689,0.026964416051785,0.074100908318732,48596.0,Total,Household Socio-Economic Surveys,Encuestas socioeconómicas de los hogares,Demography,Demografía,Total,Total,Total,Total
4497,2006,NA,country,PAN,PAN-EH,rural_ci,Total,Total,Total,Total,Total,Total,0.36154611002177,0.026697956260184,0.073843848737791,48762.0,Total,Household Socio-Economic Surveys,Encuestas socioeconómicas de los hogares,Demography,Demografía,Total,Total,Total,Total
4521,2007,NA,country,PAN,PAN-EH,rural_ci,Total,Total,Total,Total,Total,Total,0.359232050877571,0.026437860344509,0.073595494277094,49399.0,Total,Household Socio-Economic Surveys,Encuestas socioeconómicas de los hogares,Demography,Demografía,Total,Total,Total,Total
4545,2008,NA,country,PAN,PAN-EH,rural_ci,Total,Total,Total,Total,Total,Total,0.356925108963698,0.026183809262475,0.073359392782697,48900.0,Total,Household Socio-Economic Surveys,Encuestas socioeconómicas de los hogares,Demography,Demografía,Total,Total,Total,Total
4569,2009,NA,country,PAN,PAN-EH,rural_ci,Total,Total,Total,Total,Total,Total,0.354638689829033,0.025936528981248,0.073135080083202,49573.0,Total,Household Socio-Economic Surveys,Encuestas socioeconómicas de los hogares,Demography,Demografía,Total,Total,Total,Total
4593,2010,NA,country,PAN,PAN-EH,rural_ci,Total,Total,Total,Total,Total,Total,0.354830884685888,0.025897337000869,0.072985013758862,48312.0,Total,Household Socio-Economic Surveys,Encuestas socioeconómicas de los hogares,Demography,Demografía,Total,Total,Total,Total
4617,2011,NA,country,PAN,PAN-EHPM,rural_ci,Total,Total,Total,Total,Total,Total,0.354269380367724,0.025758964141089,0.072710105836276,46613.0,Total,Household Socio-Economic Surveys,Encuestas socioeconómicas de los hogares,Demography,Demografía,Total,Total,Total,Total
4641,2012,NA,country,PAN,PAN-EHPM,rural_ci,Total,Total,Total,Total,Total,Total,0.342089351367421,0.024742001466362,0.07232613750607,45398.0,Total,Household Socio-Economic Surveys,Encuestas socioeconómicas de los hogares,Demography,Demografía,Total,Total,Total,Total
4665,2013,NA,country,PAN,PAN-EHPM,rural_ci,Total,Total,Total,Total,Total,Total,0.337534047063123,0.024404645416257,0.072302766575999,43686.0,Total,Household Socio-Economic Surveys,Encuestas socioeconómicas de los hogares,Demography,Demografía,Total,Total,Total,Total
4689,2014,NA,country,PAN,PAN-EHPM,rural_ci,Total,Total,Total,Total,Total,Total,0.333566926916785,0.024118792340807,0.072305706575113,42844.0,Total,Household Socio-Economic Surveys,Encuestas socioeconómicas de los hogares,Demography,Demografía,Total,Total,Total,Total
4716,2015,NA,country,PAN,PAN-EHPM,rural_ci,Total,Total,Total,Total,Total,Total,0.329443496590937,0.023815929141994,0.072291392570926,41808.0,Total,Household Socio-Economic Surveys,Encuestas socioeconómicas de los hogares,Demography,Demografía,Total,Total,Total,Total
4743,2016,NA,country,PAN,PAN-EHPM,rural_ci,Total,Total,Total,Total,Total,Total,0.323856990631497,0.023461573904419,0.072444241078973,41145.0,Total,Household Socio-Economic Surveys,Encuestas socioeconómicas de los hogares,Demography,Demografía,Total,Total,Total,Total
4770,2017,NA,country,PAN,PAN-EHPM,rural_ci,Total,Total,Total,Total,Total,Total,0.320637634310634,0.023191493059579,0.07232929194179,43429.0,Total,Household Socio-Economic Surveys,Encuestas socioeconómicas de los hogares,Demography,Demografía,Total,Total,Total,Total
4797,2018,NA,country,PAN,PAN-EHPM,rural_ci,Total,Total,Total,Total,Total,Total,0.31567757353983,0.022874235441578,0.072460755400136,41360.0,Total,Household Socio-Economic Surveys,Encuestas socioeconómicas de los hogares,Demography,Demografía,Total,Total,Total,Total
4824,2019,NA,country,PAN,PAN-EHPM,rural_ci,Total,Total,Total,Total,Total,Total,0.311298531447149,0.022595340951634,0.072584155301326,42642.0,Total,Household Socio-Economic Surveys,Encuestas socioeconómicas de los hogares,Demography,Demografía,Total,Total,Total,Total
4857,2022,NA,country,PAN,PAN-EHPM,rural_ci,Total,Total,Total,Total,Total,Total,0.297021132315075,0.021667167671724,0.072948236049209,40068.0,Total,Household Socio-Economic Surveys,Encuestas socioeconómicas de los hogares,Demography,Demografía,Total,Total,Total,Total
4875,2003,NA,country,PER,PER-ENAHO,rural_ci,Total,Total,Total,Total,Total,Total,0.302568468207945,0.008719734372446,0.028819045236574,56947.0,Total,Household Socio-Economic Surveys,Encuestas socioeconómicas de los hogares,Demography,Demografía,Total,Total,Total,Total
4902,2004,NA,country,PER,PER-ENAHO,rural_ci,Total,Total,Total,Total,Total,Total,0.297338350748381,0.008579742917274,0.028855150691727,88074.0,Total,Household Socio-Economic Surveys,Encuestas socioeconómicas de los hogares,Demography,Demografía,Total,Total,Total,Total
4920,2005,NA,country,PER,PER-ENAHO,rural_ci,Total,Total,Total,Total,Total,Total,0.292925560187557,0.00849648135269,0.029005599058171,88207.0,Total,Household Socio-Economic Surveys,Encuestas socioeconómicas de los hogares,Demography,Demografía,Total,Total,Total,Total
4938,2006,NA,country,PER,PER-ENAHO,rural_ci,Total,Total,Total,Total,Total,Total,0.349388643688339,0.008817637401388,0.025237332582722,90783.0,Total,Household Socio-Economic Surveys,Encuestas socioeconómicas de los hogares,Demography,Demografía,Total,Total,Total,Total
4956,2007,NA,country,PER,PER-ENAHO,rural_ci,Total,Total,Total,Total,Total,Total,0.281219606925032,0.008286910984784,0.029467756801869,95469.0,Total,Household Socio-Economic Surveys,Encuestas socioeconómicas de los hogares,Demography,Demografía,Total,Total,Total,Total
4974,2008,NA,country,PER,PER-ENAHO,rural_ci,Total,Total,Total,Total,Total,Total,0.275068716443742,0.008155587775828,0.029649274120548,91900.0,Total,Household Socio-Economic Surveys,Encuestas socioeconómicas de los hogares,Demography,Demografía,Total,Total,Total,Total
4992,2009,NA,country,PER,PER-ENAHO,rural_ci,Total,Total,Total,Total,Total,Total,0.268881220680671,0.008050778196141,0.02994176452993,92503.0,Total,Household Socio-Economic Surveys,Encuestas socioeconómicas de los hogares,Demography,Demografía,Total,Total,Total,Total
5010,2010,NA,country,PER,PER-ENAHO,rural_ci,Total,Total,Total,Total,Total,Total,0.264064385535446,0.007946216409043,0.030091965612593,90781.0,Total,Household Socio-Economic Surveys,Encuestas socioeconómicas de los hogares,Demography,Demografía,Total,Total,Total,Total
5028,2011,NA,country,PER,PER-ENAHO,rural_ci,Total,Total,Total,Total,Total,Total,0.258982566373905,0.007871334707665,0.030393299509977,102644.0,Total,Household Socio-Economic Surveys,Encuestas socioeconómicas de los hogares,Demography,Demografía,Total,Total,Total,Total
5055,2012,NA,country,PER,PER-ENAHO,rural_ci,Total,Total,Total,Total,Total,Total,0.253398227925754,0.007745621437854,0.030566991337143,101548.0,Total,Household Socio-Economic Surveys,Encuestas socioeconómicas de los hogares,Demography,Demografía,Total,Total,Total,Total
5082,2013,NA,country,PER,PER-ENAHO,rural_ci,Total,Total,Total,Total,Total,Total,0.247204879594646,0.007640480489236,0.030907482496964,120763.0,Total,Household Socio-Economic Surveys,Encuestas socioeconómicas de los hogares,Demography,Demografía,Total,Total,Total,Total
5115,2014,NA,country,PER,PER-ENAHO,rural_ci,Total,Total,Total,Total,Total,Total,0.243165760245305,0.007562355768234,0.03109959132653,120150.0,Total,Household Socio-Economic Surveys,Encuestas socioeconómicas de los hogares,Demography,Demografía,Total,Total,Total,Total
5148,2015,NA,country,PER,PER-ENAHO,rural_ci,Total,Total,Total,Total,Total,Total,0.237489385757425,0.007474517226798,0.031473058060931,122318.0,Total,Household Socio-Economic Surveys,Encuestas socioeconómicas de los hogares,Demography,Demografía,Total,Total,Total,Total
5181,2016,NA,country,PER,PER-ENAHO,rural_ci,Total,Total,Total,Total,Total,Total,0.231245127186925,0.007376311279867,0.031898234438923,134235.0,Total,Household Socio-Economic Surveys,Encuestas socioeconómicas de los hogares,Demography,Demografía,Total,Total,Total,Total
5214,2017,NA,country,PER,PER-ENAHO,rural_ci,Total,Total,Total,Total,Total,Total,0.225543250489219,0.007279111605538,0.032273684048402,128063.0,Total,Household Socio-Economic Surveys,Encuestas socioeconómicas de los hogares,Demography,Demografía,Total,Total,Total,Total
5247,2018,NA,country,PER,PER-ENAHO,rural_ci,Total,Total,Total,Total,Total,Total,0.220083823581818,0.007183544406121,0.032640038187315,135651.0,Total,Household Socio-Economic Surveys,Encuestas socioeconómicas de los hogares,Demography,Demografía,Total,Total,Total,Total
5280,2019,NA,country,PER,PER-ENAHO,rural_ci,Total,Total,Total,Total,Total,Total,0.215358159064908,0.007088689653294,0.032915816535918,124979.0,Total,Household Socio-Economic Surveys,Encuestas socioeconómicas de los hogares,Demography,Demografía,Total,Total,Total,Total
5313,2020,NA,country,PER,PER-ENAHO,rural_ci,Total,Total,Total,Total,Total,Total,0.210282494343248,0.007008545518408,0.033329191477858,122994.0,Total,Household Socio-Economic Surveys,Encuestas socioeconómicas de los hogares,Demography,Demografía,Total,Total,Total,Total
5346,2021,NA,country,PER,PER-ENAHO,rural_ci,Total,Total,Total,Total,Total,Total,0.206378511633213,0.006908547977634,0.033475132284663,117637.0,Total,Household Socio-Economic Surveys,Encuestas socioeconómicas de los hogares,Demography,Demografía,Total,Total,Total,Total
5379,2022,NA,country,PER,PER-ENAHO,rural_ci,Total,Total,Total,Total,Total,Total,0.201629620502579,0.006801805439756,0.033734157822653,118127.0,Total,Household Socio-Economic Surveys,Encuestas socioeconómicas de los hogares,Demography,Demografía,Total,Total,Total,Total
5397,2003,NA,country,PRY,PRY-EPH,rural_ci,Total,Total,Total,Total,Total,Total,0.437961307036329,0.020835328383092,0.047573445526693,43161.0,Total,Household Socio-Economic Surveys,Encuestas socioeconómicas de los hogares,Demography,Demografía,Total,Total,Total,Total
5415,2004,NA,country,PRY,PRY-EPH,rural_ci,Total,Total,Total,Total,Total,Total,0.431482327561638,0.020742077938277,0.048071674349892,34636.0,Total,Household Socio-Economic Surveys,Encuestas socioeconómicas de los hogares,Demography,Demografía,Total,Total,Total,Total
5433,2005,NA,country,PRY,PRY-EPH,rural_ci,Total,Total,Total,Total,Total,Total,0.420297012995668,0.02043039024777,0.048609411002359,19579.0,Total,Household Socio-Economic Surveys,Encuestas socioeconómicas de los hogares,Demography,Demografía,Total,Total,Total,Total
5451,2006,NA,country,PRY,PRY-EPH,rural_ci,Total,Total,Total,Total,Total,Total,0.418927125012465,0.020232748789955,0.048296583300385,22733.0,Total,Household Socio-Economic Surveys,Encuestas socioeconómicas de los hogares,Demography,Demografía,Total,Total,Total,Total
5469,2007,NA,country,PRY,PRY-EPH,rural_ci,Total,Total,Total,Total,Total,Total,0.416586787462081,0.020034783926868,0.048092701280624,21053.0,Total,Household Socio-Economic Surveys,Encuestas socioeconómicas de los hogares,Demography,Demografía,Total,Total,Total,Total
5487,2008,NA,country,PRY,PRY-EPH,rural_ci,Total,Total,Total,Total,Total,Total,0.41416288646514,0.019840187854467,0.047904311329782,19416.0,Total,Household Socio-Economic Surveys,Encuestas socioeconómicas de los hogares,Demography,Demografía,Total,Total,Total,Total
5505,2009,NA,country,PRY,PRY-EPH,rural_ci,Total,Total,Total,Total,Total,Total,0.411932818574795,0.019651036355203,0.047704468954892,18419.0,Total,Household Socio-Economic Surveys,Encuestas socioeconómicas de los hogares,Demography,Demografía,Total,Total,Total,Total
5523,2010,NA,country,PRY,PRY-EPH,rural_ci,Total,Total,Total,Total,Total,Total,0.409695805879042,0.019461330635419,0.047501903500482,20488.0,Total,Household Socio-Economic Surveys,Encuestas socioeconómicas de los hogares,Demography,Demografía,Total,Total,Total,Total
5541,2011,NA,country,PRY,PRY-EPH,rural_ci,Total,Total,Total,Total,Total,Total,0.407030089065803,0.01927956449434,0.047366435583642,19746.0,Total,Household Socio-Economic Surveys,Encuestas socioeconómicas de los hogares,Demography,Demografía,Total,Total,Total,Total
5559,2012,NA,country,PRY,PRY-EPH,rural_ci,Total,Total,Total,Total,Total,Total,0.404374194200697,0.019093391876975,0.047217137371281,21176.0,Total,Household Socio-Economic Surveys,Encuestas socioeconómicas de los hogares,Demography,Demografía,Total,Total,Total,Total
5577,2013,NA,country,PRY,PRY-EPH,rural_ci,Total,Total,Total,Total,Total,Total,0.402063599307627,0.018919065436928,0.04705490740646,21221.0,Total,Household Socio-Economic Surveys,Encuestas socioeconómicas de los hogares,Demography,Demografía,Total,Total,Total,Total
5595,2014,NA,country,PRY,PRY-EPH,rural_ci,Total,Total,Total,Total,Total,Total,0.399924417046683,0.018756310449761,0.046899638157306,20280.0,Total,Household Socio-Economic Surveys,Encuestas socioeconómicas de los hogares,Demography,Demografía,Total,Total,Total,Total
5613,2015,NA,country,PRY,PRY-EPH,rural_ci,Total,Total,Total,Total,Total,Total,0.397938996275628,0.0185949348108,0.046728104018034,30912.0,Total,Household Socio-Economic Surveys,Encuestas socioeconómicas de los hogares,Demography,Demografía,Total,Total,Total,Total
5631,2016,NA,country,PRY,PRY-EPH,rural_ci,Total,Total,Total,Total,Total,Total,0.388428294518156,0.018724027944578,0.048204593251389,37814.0,Total,Household Socio-Economic Surveys,Encuestas socioeconómicas de los hogares,Demography,Demografía,Total,Total,Total,Total
5649,2017,NA,country,PRY,PRY-EPH,rural_ci,Total,Total,Total,Total,Total,Total,0.384181208514561,0.018552638637292,0.048291374554798,35215.0,Total,Household Socio-Economic Surveys,Encuestas socioeconómicas de los hogares,Demography,Demografía,Total,Total,Total,Total
5667,2018,NA,country,PRY,PRY-EPHC,rural_ci,Total,Total,Total,Total,Total,Total,0.378372901302291,0.018314842655159,0.048404213388755,18563.0,Total,Household Socio-Economic Surveys,Encuestas socioeconómicas de los hogares,Demography,Demografía,Total,Total,Total,Total
5685,2020,NA,country,PRY,PRY-EPHC,rural_ci,Total,Total,Total,Total,Total,Total,0.370424461515622,0.017971107366639,0.048514904477715,17614.0,Total,Household Socio-Economic Surveys,Encuestas socioeconómicas de los hogares,Demography,Demografía,Total,Total,Total,Total
5703,2021,NA,country,PRY,PRY-EPHC,rural_ci,Total,Total,Total,Total,Total,Total,0.366425005976631,0.017823923954249,0.048642760902037,16569.0,Total,Household Socio-Economic Surveys,Encuestas socioeconómicas de los hogares,Demography,Demografía,Total,Total,Total,Total
5721,2022,NA,country,PRY,PRY-EPHC,rural_ci,Total,Total,Total,Total,Total,Total,0.36250834510705,0.017663389994364,0.048725471379557,17379.0,Total,Household Socio-Economic Surveys,Encuestas socioeconómicas de los hogares,Demography,Demografía,Total,Total,Total,Total
5739,2003,NA,country,SLV,SLV-EHPM,rural_ci,Total,Total,Total,Total,Total,Total,0.408158897184972,0.019075043372829,0.046734356409692,71683.0,Total,Household Socio-Economic Surveys,Encuestas socioeconómicas de los hogares,Demography,Demografía,Total,Total,Total,Total
5757,2004,NA,country,SLV,SLV-EHPM,rural_ci,Total,Total,Total,Total,Total,Total,0.403284046586646,0.018872058038511,0.046795944938169,70558.0,Total,Household Socio-Economic Surveys,Encuestas socioeconómicas de los hogares,Demography,Demografía,Total,Total,Total,Total
5775,2005,NA,country,SLV,SLV-EHPM,rural_ci,Total,Total,Total,Total,Total,Total,0.401025046328131,0.018706774533819,0.046647396977076,70066.0,Total,Household Socio-Economic Surveys,Encuestas socioeconómicas de los hogares,Demography,Demografía,Total,Total,Total,Total
5793,2006,NA,country,SLV,SLV-EHPM,rural_ci,Total,Total,Total,Total,Total,Total,0.400935263475858,0.01854973095041,0.046266149775889,68312.0,Total,Household Socio-Economic Surveys,Encuestas socioeconómicas de los hogares,Demography,Demografía,Total,Total,Total,Total
5811,2007,NA,country,SLV,SLV-EHPM,rural_ci,Total,Total,Total,Total,Total,Total,0.373494819024906,0.020182533052074,0.054036982640789,69138.0,Total,Household Socio-Economic Surveys,Encuestas socioeconómicas de los hogares,Demography,Demografía,Total,Total,Total,Total
5829,2008,NA,country,SLV,SLV-EHPM,rural_ci,Total,Total,Total,Total,Total,Total,0.351570042726618,0.019296393865915,0.054886342750541,68457.0,Total,Household Socio-Economic Surveys,Encuestas socioeconómicas de los hogares,Demography,Demografía,Total,Total,Total,Total
5847,2009,NA,country,SLV,SLV-EHPM,rural_ci,Total,Total,Total,Total,Total,Total,0.36848290012946,0.019450466522459,0.052785262262171,83194.0,Total,Household Socio-Economic Surveys,Encuestas socioeconómicas de los hogares,Demography,Demografía,Total,Total,Total,Total
5865,2010,NA,country,SLV,SLV-EHPM,rural_ci,Total,Total,Total,Total,Total,Total,0.374849407214056,0.019470501525021,0.051942196386889,85159.0,Total,Household Socio-Economic Surveys,Encuestas socioeconómicas de los hogares,Demography,Demografía,Total,Total,Total,Total
5883,2011,NA,country,SLV,SLV-EHPM,rural_ci,Total,Total,Total,Total,Total,Total,0.376971319964015,0.019441599195128,0.051573152029135,85291.0,Total,Household Socio-Economic Surveys,Encuestas socioeconómicas de los hogares,Demography,Demografía,Total,Total,Total,Total
5901,2012,NA,country,SLV,SLV-EHPM,rural_ci,Total,Total,Total,Total,Total,Total,0.374260192643547,0.019358394859404,0.051724429260479,85636.0,Total,Household Socio-Economic Surveys,Encuestas socioeconómicas de los hogares,Demography,Demografía,Total,Total,Total,Total
5919,2013,NA,country,SLV,SLV-EHPM,rural_ci,Total,Total,Total,Total,Total,Total,0.377511835457728,0.019328182313641,0.051198877752285,81865.0,Total,Household Socio-Economic Surveys,Encuestas socioeconómicas de los hogares,Demography,Demografía,Total,Total,Total,Total
5937,2014,NA,country,SLV,SLV-EHPM,rural_ci,Total,Total,Total,Total,Total,Total,0.376814969815267,0.019152902088184,0.05082840020282,80164.0,Total,Household Socio-Economic Surveys,Encuestas socioeconómicas de los hogares,Demography,Demografía,Total,Total,Total,Total
5955,2015,NA,country,SLV,SLV-EHPM,rural_ci,Total,Total,Total,Total,Total,Total,0.376456115262269,0.019062393179112,0.0506364285405,88184.0,Total,Household Socio-Economic Surveys,Encuestas socioeconómicas de los hogares,Demography,Demografía,Total,Total,Total,Total
5973,2016,NA,country,SLV,SLV-EHPM,rural_ci,Total,Total,Total,Total,Total,Total,0.382617706712801,0.019030722202819,0.049738216159201,76264.0,Total,Household Socio-Economic Surveys,Encuestas socioeconómicas de los hogares,Demography,Demografía,Total,Total,Total,Total
5991,2017,NA,country,SLV,SLV-EHPM,rural_ci,Total,Total,Total,Total,Total,Total,0.398399236689933,0.019082669030396,0.047898357408871,75133.0,Total,Household Socio-Economic Surveys,Encuestas socioeconómicas de los hogares,Demography,Demografía,Total,Total,Total,Total
6009,2018,NA,country,SLV,SLV-EHPM,rural_ci,Total,Total,Total,Total,Total,Total,0.383378944346535,0.018864651824664,0.049206280373114,75045.0,Total,Household Socio-Economic Surveys,Encuestas socioeconómicas de los hogares,Demography,Demografía,Total,Total,Total,Total
6027,2019,NA,country,SLV,SLV-EHPM,rural_ci,Total,Total,Total,Total,Total,Total,0.420709594620136,0.01906533273718,0.045317085659513,74448.0,Total,Household Socio-Economic Surveys,Encuestas socioeconómicas de los hogares,Demography,Demografía,Total,Total,Total,Total
6045,2020,NA,country,SLV,SLV-EHPM,rural_ci,Total,Total,Total,Total,Total,Total,0.383378944307853,0.019338775242666,0.050442976928688,37030.0,Total,Household Socio-Economic Surveys,Encuestas socioeconómicas de los hogares,Demography,Demografía,Total,Total,Total,Total
6063,2021,NA,country,SLV,SLV-EHPM,rural_ci,Total,Total,Total,Total,Total,Total,0.383378944094065,0.019331459681159,0.050423895153762,64937.0,Total,Household Socio-Economic Surveys,Encuestas socioeconómicas de los hogares,Demography,Demografía,Total,Total,Total,Total
6081,2022,NA,country,SLV,SLV-EHPM,rural_ci,Total,Total,Total,Total,Total,Total,0.383378943877343,0.019323641178156,0.050403501513997,60339.0,Total,Household Socio-Economic Surveys,Encuestas socioeconómicas de los hogares,Demography,Demografía,Total,Total,Total,Total
6099,2023,NA,country,SLV,SLV-EHPM,rural_ci,Total,Total,Total,Total,Total,Total,0.383378944157688,0.019311544285619,0.050371948120542,56250.0,Total,Household Socio-Economic Surveys,Encuestas socioeconómicas de los hogares,Demography,Demografía,Total,Total,Total,Total
6126,2006,NA,country,URY,URY-ECH,rural_ci,Total,Total,Total,Total,Total,Total,0.064575202798535,0.014037161661349,0.217376965971644,256866.0,Total,Household Socio-Economic Surveys,Encuestas socioeconómicas de los hogares,Demography,Demografía,Total,Total,Total,Total
6153,2007,NA,country,URY,URY-ECH,rural_ci,Total,Total,Total,Total,Total,Total,0.128835300872439,0.019344898330401,0.150152157051693,143185.0,Total,Household Socio-Economic Surveys,Encuestas socioeconómicas de los hogares,Demography,Demografía,Total,Total,Total,Total
6180,2008,NA,country,URY,URY-ECH,rural_ci,Total,Total,Total,Total,Total,Total,0.131697726755506,0.01950567753481,0.148109447409236,144582.0,Total,Household Socio-Economic Surveys,Encuestas socioeconómicas de los hogares,Demography,Demografía,Total,Total,Total,Total
6207,2009,NA,country,URY,URY-ECH,rural_ci,Total,Total,Total,Total,Total,Total,0.129153911688367,0.019286716411021,0.149331260345854,132599.0,Total,Household Socio-Economic Surveys,Encuestas socioeconómicas de los hogares,Demography,Demografía,Total,Total,Total,Total
6234,2010,NA,country,URY,URY-ECH,rural_ci,Total,Total,Total,Total,Total,Total,0.17665212649298,0.020779090075726,0.117627172048515,132010.0,Total,Household Socio-Economic Surveys,Encuestas socioeconómicas de los hogares,Demography,Demografía,Total,Total,Total,Total
6261,2011,NA,country,URY,URY-ECH,rural_ci,Total,Total,Total,Total,Total,Total,0.138335421206058,0.018810798387846,0.135979622744825,130804.0,Total,Household Socio-Economic Surveys,Encuestas socioeconómicas de los hogares,Demography,Demografía,Total,Total,Total,Total
6288,2012,NA,country,URY,URY-ECH,rural_ci,Total,Total,Total,Total,Total,Total,0.124953678485768,0.018276625443568,0.146267206096299,120462.0,Total,Household Socio-Economic Surveys,Encuestas socioeconómicas de los hogares,Demography,Demografía,Total,Total,Total,Total
6315,2013,NA,country,URY,URY-ECH,rural_ci,Total,Total,Total,Total,Total,Total,0.160832911413223,0.019908969836516,0.123786665686633,127925.0,Total,Household Socio-Economic Surveys,Encuestas socioeconómicas de los hogares,Demography,Demografía,Total,Total,Total,Total
6342,2014,NA,country,URY,URY-ECH,rural_ci,Total,Total,Total,Total,Total,Total,0.158854045424852,0.019780081842464,0.124517331551504,131857.0,Total,Household Socio-Economic Surveys,Encuestas socioeconómicas de los hogares,Demography,Demografía,Total,Total,Total,Total
6369,2015,NA,country,URY,URY-ECH,rural_ci,Total,Total,Total,Total,Total,Total,0.156684377977587,0.019523643939127,0.12460491716615,121461.0,Total,Household Socio-Economic Surveys,Encuestas socioeconómicas de los hogares,Demography,Demografía,Total,Total,Total,Total
6396,2016,NA,country,URY,URY-ECH,rural_ci,Total,Total,Total,Total,Total,Total,0.152351981031678,0.019267570664584,0.126467477049596,118591.0,Total,Household Socio-Economic Surveys,Encuestas socioeconómicas de los hogares,Demography,Demografía,Total,Total,Total,Total
6423,2017,NA,country,URY,URY-ECH,rural_ci,Total,Total,Total,Total,Total,Total,0.165745097169162,0.019895829200613,0.120038719337243,118268.0,Total,Household Socio-Economic Surveys,Encuestas socioeconómicas de los hogares,Demography,Demografía,Total,Total,Total,Total
6450,2018,NA,country,URY,URY-ECH,rural_ci,Total,Total,Total,Total,Total,Total,0.163811045322817,0.019764451984271,0.120653964116534,108608.0,Total,Household Socio-Economic Surveys,Encuestas socioeconómicas de los hogares,Demography,Demografía,Total,Total,Total,Total
6477,2019,NA,country,URY,URY-ECH,rural_ci,Total,Total,Total,Total,Total,Total,0.159850207408843,0.019538503894678,0.122230081595736,107871.0,Total,Household Socio-Economic Surveys,Encuestas socioeconómicas de los hogares,Demography,Demografía,Total,Total,Total,Total
6504,2020,NA,country,URY,URY-ECH,rural_ci,Total,Total,Total,Total,Total,Total,0.154933818462623,0.01925647633368,0.124288399555103,145166.0,Total,Household Socio-Economic Surveys,Encuestas socioeconómicas de los hogares,Demography,Demografía,Total,Total,Total,Total
6531,2021,NA,country,URY,URY-ECH,rural_ci,Total,Total,Total,Total,Total,Total,0.167477687517994,0.019838070222848,0.118452018993374,28312.0,Total,Household Socio-Economic Surveys,Encuestas socioeconómicas de los hogares,Demography,Demografía,Total,Total,Total,Total
6558,2022,NA,country,URY,URY-ECH,rural_ci,Total,Total,Total,Total,Total,Total,0.152712302963709,0.019078523244709,0.124931147487458,55056.0,Total,Household Socio-Economic Surveys,Encuestas socioeconómicas de los hogares,Demography,Demografía,Total,Total,Total,Total
6582,2022,NA,country,BOL,BOL-ECH,rural_ci,Total,Total,Total,Total,Total,Total,0.29253804328607,0.013094245737494,0.044760830387757,40955.0,Total,Household Socio-Economic Surveys,Encuestas socioeconómicas de los hogares,Demography,Demografía,Total,Total,Total,Total
6615,2023,NA,country,COL,COL-GEIH,rural_ci,Total,Total,Total,Total,Total,Total,0.227751044486637,0.005867168290789,0.025761323308151,215059.0,Total,Household Socio-Economic Surveys,Encuestas socioeconómicas de los hogares,Demography,Demografía,Total,Total,Total,Total
6639,2023,NA,country,CRI,CRI-ENAHO,rural_ci,Total,Total,Total,Total,Total,Total,0.275868216006795,0.01948454563178,0.070629904067309,30540.0,Total,Household Socio-Economic Surveys,Encuestas socioeconómicas de los hogares,Demography,Demografía,Total,Total,Total,Total
6657,2022,NA,country,DOM,DOM-ENCFT,rural_ci,Total,Total,Total,Total,Total,Total,0.164621923638456,0.011360678345738,0.069010725270644,19217.0,Total,Household Socio-Economic Surveys,Encuestas socioeconómicas de los hogares,Demography,Demografía,Total,Total,Total,Total
6684,2023,NA,country,ECU,ECU-ENEMDU,rural_ci,Total,Total,Total,Total,Total,Total,0.318258964385754,0.010837246408456,0.034051661135052,28306.0,Total,Household Socio-Economic Surveys,Encuestas socioeconómicas de los hogares,Demography,Demografía,Total,Total,Total,Total
6702,2022,NA,country,HND,HND-EPHPM,rural_ci,Total,Total,Total,Total,Total,Total,0.445540423820413,0.01605054502843,0.036024890605437,20275.0,Total,Household Socio-Economic Surveys,Encuestas socioeconómicas de los hogares,Demography,Demografía,Total,Total,Total,Total
6728,2023,NA,country,HND,HND-EPHPM,rural_ci,Total,Total,Total,Total,Total,Total,0.444035100423042,0.015916483017923,0.035845100990347,20308.0,Total,Household Socio-Economic Surveys,Encuestas socioeconómicas de los hogares,Demography,Demografía,Total,Total,Total,Total
6761,2023,NA,country,PER,PER-ENAHO,rural_ci,Total,Total,Total,Total,Total,Total,0.198237407012004,0.00671470293644,0.033872027674544,116260.0,Total,Household Socio-Economic Surveys,Encuestas socioeconómicas de los hogares,Demography,Demografía,Total,Total,Total,Total
6779,2023,NA,country,PRY,PRY-EPHC,rural_ci,Total,Total,Total,Total,Total,Total,0.396374682555064,0.017670268780311,0.044579710960364,16775.0,Total,Household Socio-Economic Surveys,Encuestas socioeconómicas de los hogares,Demography,Demografía,Total,Total,Total,Total
6806,2023,NA,country,URY,URY-ECH,rural_ci,Total,Total,Total,Total,Total,Total,0.168217746870217,0.019808702481324,0.117756317926473,55378.0,Total,Household Socio-Economic Surveys,Encuestas socioeconómicas de los hogares,Demography,Demografía,Total,Total,Total,Total
